-- ============================================================
-- simple-home-boot HSQL DDL
-- 테이블 명명규칙: TB_ + 기능명 (snake_case)
-- 감사 컬럼: FRST_REGIST_PNTTM, FRST_REGISTER_ID, LAST_UPDT_PNTTM, LAST_UPDUSR_ID
-- ============================================================

DROP TABLE IF EXISTS TB_FILE_DETAIL CASCADE;
DROP TABLE IF EXISTS TB_FILE CASCADE;
DROP TABLE IF EXISTS TB_SCHDUL_INFO CASCADE;
DROP TABLE IF EXISTS TB_EMPLYR_SCRTY_ESTBS CASCADE;
DROP TABLE IF EXISTS TB_GNRL_MBER CASCADE;
DROP TABLE IF EXISTS TB_ENTRPRS_MBER CASCADE;
DROP TABLE IF EXISTS TB_EMPLYR_INFO_CHNG_DTLS CASCADE;
DROP TABLE IF EXISTS TB_EMPLYR_INFO CASCADE;
DROP TABLE IF EXISTS TB_ORGNZT_INFO CASCADE;
DROP TABLE IF EXISTS TB_BBS_USE CASCADE;
DROP TABLE IF EXISTS TB_BBS_MASTER_OPTN CASCADE;
DROP TABLE IF EXISTS TB_BBS CASCADE;
DROP TABLE IF EXISTS TB_BBS_MASTER CASCADE;
DROP TABLE IF EXISTS TB_CMMN_DETAIL_CODE CASCADE;
DROP TABLE IF EXISTS TB_CMMN_CODE CASCADE;
DROP TABLE IF EXISTS TB_CMMN_CL_CODE CASCADE;
DROP TABLE IF EXISTS TB_AUTHOR_GROUP_INFO CASCADE;
DROP TABLE IF EXISTS TB_AUTHOR_INFO CASCADE;
DROP TABLE IF EXISTS IDS CASCADE;
DROP TABLE IF EXISTS COMTECOPSEQ CASCADE;

CREATE MEMORY TABLE IDS (TABLE_NAME VARCHAR(20) DEFAULT '' NOT NULL PRIMARY KEY, NEXT_ID NUMERIC(30) DEFAULT 0 NOT NULL);
CREATE MEMORY TABLE COMTECOPSEQ (TABLE_NAME VARCHAR(20) DEFAULT '' NOT NULL PRIMARY KEY, NEXT_ID NUMERIC(30) DEFAULT 0 NOT NULL);
CREATE MEMORY TABLE TB_CMMN_CL_CODE (CL_CODE CHAR(3) NOT NULL PRIMARY KEY, CL_CODE_NM VARCHAR(60), CL_CODE_DC VARCHAR(200), USE_AT CHAR(1), FRST_REGIST_PNTTM TIMESTAMP, FRST_REGISTER_ID VARCHAR(20), LAST_UPDT_PNTTM TIMESTAMP, LAST_UPDUSR_ID VARCHAR(20));
CREATE MEMORY TABLE TB_CMMN_CODE (CODE_ID VARCHAR(6) NOT NULL PRIMARY KEY, CODE_ID_NM VARCHAR(60), CODE_ID_DC VARCHAR(200), USE_AT CHAR(1), CL_CODE CHAR(3), FRST_REGIST_PNTTM TIMESTAMP, FRST_REGISTER_ID VARCHAR(20), LAST_UPDT_PNTTM TIMESTAMP, LAST_UPDUSR_ID VARCHAR(20), CONSTRAINT FK_CMMN_CODE_CL FOREIGN KEY (CL_CODE) REFERENCES TB_CMMN_CL_CODE(CL_CODE));
CREATE MEMORY TABLE TB_CMMN_DETAIL_CODE (CODE_ID VARCHAR(6) NOT NULL, CODE VARCHAR(15) NOT NULL, CODE_NM VARCHAR(60), CODE_DC VARCHAR(200), USE_AT CHAR(1), FRST_REGIST_PNTTM TIMESTAMP, FRST_REGISTER_ID VARCHAR(20), LAST_UPDT_PNTTM TIMESTAMP, LAST_UPDUSR_ID VARCHAR(20), PRIMARY KEY(CODE_ID, CODE), CONSTRAINT FK_CMMN_DTL_CODE FOREIGN KEY(CODE_ID) REFERENCES TB_CMMN_CODE(CODE_ID));
CREATE MEMORY TABLE TB_AUTHOR_INFO (AUTHOR_CODE VARCHAR(30) NOT NULL PRIMARY KEY, AUTHOR_NM VARCHAR(60) NOT NULL, AUTHOR_DC VARCHAR(200), AUTHOR_CREAT_DE CHAR(20) NOT NULL, FRST_REGIST_PNTTM TIMESTAMP, FRST_REGISTER_ID VARCHAR(20), LAST_UPDT_PNTTM TIMESTAMP, LAST_UPDUSR_ID VARCHAR(20));
CREATE MEMORY TABLE TB_AUTHOR_GROUP_INFO (GROUP_ID CHAR(20) DEFAULT '' NOT NULL PRIMARY KEY, GROUP_NM VARCHAR(60) NOT NULL, GROUP_CREAT_DE CHAR(20) NOT NULL, GROUP_DC VARCHAR(100), FRST_REGIST_PNTTM TIMESTAMP, FRST_REGISTER_ID VARCHAR(20), LAST_UPDT_PNTTM TIMESTAMP, LAST_UPDUSR_ID VARCHAR(20));
CREATE MEMORY TABLE TB_ORGNZT_INFO (ORGNZT_ID CHAR(20) DEFAULT '' NOT NULL PRIMARY KEY, ORGNZT_NM VARCHAR(20) NOT NULL, ORGNZT_DC VARCHAR(100), FRST_REGIST_PNTTM TIMESTAMP, FRST_REGISTER_ID VARCHAR(20), LAST_UPDT_PNTTM TIMESTAMP, LAST_UPDUSR_ID VARCHAR(20));
CREATE MEMORY TABLE TB_EMPLYR_INFO (EMPLYR_ID VARCHAR(20) NOT NULL PRIMARY KEY, ORGNZT_ID CHAR(20), USER_NM VARCHAR(60) NOT NULL, PASSWORD VARCHAR(200) NOT NULL, EMPL_NO VARCHAR(20), IHIDNUM VARCHAR(13), SEXDSTN_CODE CHAR(1), BRTHDY CHAR(20), FXNUM VARCHAR(20), HOUSE_ADRES VARCHAR(100), PASSWORD_HINT VARCHAR(100) NOT NULL, PASSWORD_CNSR VARCHAR(100) NOT NULL, HOUSE_END_TELNO VARCHAR(4), AREA_NO VARCHAR(4), DETAIL_ADRES VARCHAR(100), ZIP VARCHAR(6), OFFM_TELNO VARCHAR(20), MBTLNUM VARCHAR(20), EMAIL_ADRES VARCHAR(50), OFCPS_NM VARCHAR(60), HOUSE_MIDDLE_TELNO VARCHAR(4), GROUP_ID CHAR(20), PSTINST_CODE CHAR(8), EMPLYR_STTUS_CODE VARCHAR(15) NOT NULL, ESNTL_ID CHAR(20) NOT NULL, CRTFC_DN_VALUE VARCHAR(20), SBSCRB_DE TIMESTAMP, FRST_REGIST_PNTTM TIMESTAMP, FRST_REGISTER_ID VARCHAR(20), LAST_UPDT_PNTTM TIMESTAMP, LAST_UPDUSR_ID VARCHAR(20), CONSTRAINT FK_EMPLYR_GROUP FOREIGN KEY(GROUP_ID) REFERENCES TB_AUTHOR_GROUP_INFO(GROUP_ID) ON DELETE CASCADE);
ALTER TABLE TB_EMPLYR_INFO ADD CONSTRAINT FK_EMPLYR_ORGNZT FOREIGN KEY(ORGNZT_ID) REFERENCES TB_ORGNZT_INFO(ORGNZT_ID);
CREATE MEMORY TABLE TB_EMPLYR_INFO_CHNG_DTLS (EMPLYR_ID VARCHAR(20) NOT NULL, CHANGE_DE CHAR(20) NOT NULL, ORGNZT_ID CHAR(20), GROUP_ID CHAR(20), EMPL_NO VARCHAR(20) NOT NULL, SEXDSTN_CODE CHAR(1), BRTHDY CHAR(20), FXNUM VARCHAR(20), HOUSE_ADRES VARCHAR(100) NOT NULL, HOUSE_END_TELNO VARCHAR(4), AREA_NO VARCHAR(4), DETAIL_ADRES VARCHAR(100) NOT NULL, ZIP VARCHAR(6) NOT NULL, OFFM_TELNO VARCHAR(20), MBTLNUM VARCHAR(20) NOT NULL, EMAIL_ADRES VARCHAR(50), HOUSE_MIDDLE_TELNO VARCHAR(4), PSTINST_CODE CHAR(8), EMPLYR_STTUS_CODE VARCHAR(15) NOT NULL, ESNTL_ID CHAR(20), FRST_REGIST_PNTTM TIMESTAMP, FRST_REGISTER_ID VARCHAR(20), LAST_UPDT_PNTTM TIMESTAMP, LAST_UPDUSR_ID VARCHAR(20), PRIMARY KEY(EMPLYR_ID, CHANGE_DE), CONSTRAINT FK_CHNG_EMPLYR FOREIGN KEY(EMPLYR_ID) REFERENCES TB_EMPLYR_INFO(EMPLYR_ID));
CREATE MEMORY TABLE TB_EMPLYR_SCRTY_ESTBS (SCRTY_DTRMN_TRGET_ID VARCHAR(20) NOT NULL PRIMARY KEY, MBER_TY_CODE VARCHAR(15), AUTHOR_CODE VARCHAR(30) NOT NULL, FRST_REGIST_PNTTM TIMESTAMP, FRST_REGISTER_ID VARCHAR(20), LAST_UPDT_PNTTM TIMESTAMP, LAST_UPDUSR_ID VARCHAR(20), CONSTRAINT FK_SCRTY_AUTHOR FOREIGN KEY(AUTHOR_CODE) REFERENCES TB_AUTHOR_INFO(AUTHOR_CODE));
CREATE MEMORY TABLE TB_GNRL_MBER (MBER_ID VARCHAR(20) DEFAULT '' NOT NULL PRIMARY KEY, PASSWORD VARCHAR(200) NOT NULL, PASSWORD_HINT VARCHAR(100), PASSWORD_CNSR VARCHAR(100), IHIDNUM VARCHAR(13), MBER_NM VARCHAR(50) NOT NULL, ZIP VARCHAR(6), ADRES VARCHAR(100), AREA_NO VARCHAR(4), MBER_STTUS VARCHAR(15), DETAIL_ADRES VARCHAR(100), END_TELNO VARCHAR(4), MBTLNUM VARCHAR(20), GROUP_ID CHAR(20), MBER_FXNUM VARCHAR(20), MBER_EMAIL_ADRES VARCHAR(50), MIDDLE_TELNO VARCHAR(4), SBSCRB_DE TIMESTAMP, SEXDSTN_CODE CHAR(1), ESNTL_ID CHAR(20) NOT NULL, FRST_REGIST_PNTTM TIMESTAMP, FRST_REGISTER_ID VARCHAR(20), LAST_UPDT_PNTTM TIMESTAMP, LAST_UPDUSR_ID VARCHAR(20), CONSTRAINT FK_GNRL_GROUP FOREIGN KEY(GROUP_ID) REFERENCES TB_AUTHOR_GROUP_INFO(GROUP_ID) ON DELETE CASCADE);
CREATE MEMORY TABLE TB_ENTRPRS_MBER (ENTRPRS_MBER_ID VARCHAR(20) DEFAULT '' NOT NULL PRIMARY KEY, ENTRPRS_SE_CODE CHAR(15), BIZRNO VARCHAR(10), JURIRNO VARCHAR(13), CMPNY_NM VARCHAR(60) NOT NULL, CXFC VARCHAR(50), ZIP VARCHAR(6), ADRES VARCHAR(100), ENTRPRS_MIDDLE_TELNO VARCHAR(4), FXNUM VARCHAR(20), INDUTY_CODE CHAR(15), APPLCNT_NM VARCHAR(50) NOT NULL, APPLCNT_IHIDNUM VARCHAR(13), SBSCRB_DE TIMESTAMP, ENTRPRS_MBER_STTUS VARCHAR(15), ENTRPRS_MBER_PASSWORD VARCHAR(200), ENTRPRS_MBER_PASSWORD_HINT VARCHAR(100) NOT NULL, ENTRPRS_MBER_PASSWORD_CNSR VARCHAR(100) NOT NULL, GROUP_ID CHAR(20), DETAIL_ADRES VARCHAR(100), ENTRPRS_END_TELNO VARCHAR(4), AREA_NO VARCHAR(4), APPLCNT_EMAIL_ADRES VARCHAR(50), ESNTL_ID CHAR(20) NOT NULL, FRST_REGIST_PNTTM TIMESTAMP, FRST_REGISTER_ID VARCHAR(20), LAST_UPDT_PNTTM TIMESTAMP, LAST_UPDUSR_ID VARCHAR(20), CONSTRAINT FK_ENTRPRS_GROUP FOREIGN KEY(GROUP_ID) REFERENCES TB_AUTHOR_GROUP_INFO(GROUP_ID) ON DELETE CASCADE);
ALTER TABLE TB_EMPLYR_SCRTY_ESTBS ADD CONSTRAINT FK_SCRTY_EMPLYR FOREIGN KEY(SCRTY_DTRMN_TRGET_ID) REFERENCES TB_EMPLYR_INFO(EMPLYR_ID);
ALTER TABLE TB_EMPLYR_SCRTY_ESTBS ADD CONSTRAINT FK_SCRTY_ENTRPRS FOREIGN KEY(SCRTY_DTRMN_TRGET_ID) REFERENCES TB_ENTRPRS_MBER(ENTRPRS_MBER_ID);
ALTER TABLE TB_EMPLYR_SCRTY_ESTBS ADD CONSTRAINT FK_SCRTY_GNRL FOREIGN KEY(SCRTY_DTRMN_TRGET_ID) REFERENCES TB_GNRL_MBER(MBER_ID);
CREATE MEMORY TABLE TB_BBS_MASTER (BBS_ID CHAR(20) NOT NULL PRIMARY KEY, BBS_NM VARCHAR(255) NOT NULL, BBS_INTRCN VARCHAR(2400), BBS_TY_CODE CHAR(6) NOT NULL, BBS_ATTRB_CODE CHAR(6) NOT NULL, REPLY_POSBL_AT CHAR(1), FILE_ATCH_POSBL_AT CHAR(1) NOT NULL, ATCH_POSBL_FILE_NUMBER NUMERIC(2) NOT NULL, ATCH_POSBL_FILE_SIZE NUMERIC(8), USE_AT CHAR(1) NOT NULL, TMPLAT_ID CHAR(20), FRST_REGIST_PNTTM TIMESTAMP NOT NULL, FRST_REGISTER_ID VARCHAR(20) NOT NULL, LAST_UPDT_PNTTM TIMESTAMP, LAST_UPDUSR_ID VARCHAR(20));
CREATE MEMORY TABLE TB_BBS_MASTER_OPTN (BBS_ID CHAR(20) DEFAULT '' NOT NULL PRIMARY KEY, ANSWER_AT CHAR(1) DEFAULT '' NOT NULL, STSFDG_AT CHAR(1) DEFAULT '' NOT NULL, FRST_REGIST_PNTTM TIMESTAMP DEFAULT '1970-01-01 00:00:00.0' NOT NULL, FRST_REGISTER_ID VARCHAR(20) DEFAULT '' NOT NULL, LAST_UPDT_PNTTM TIMESTAMP, LAST_UPDUSR_ID VARCHAR(20));
CREATE MEMORY TABLE TB_BBS_USE (BBS_ID CHAR(20) NOT NULL, TRGET_ID CHAR(20) DEFAULT '' NOT NULL, USE_AT CHAR(1) NOT NULL, REGIST_SE_CODE CHAR(6), FRST_REGIST_PNTTM TIMESTAMP, FRST_REGISTER_ID VARCHAR(20) NOT NULL, LAST_UPDT_PNTTM TIMESTAMP, LAST_UPDUSR_ID VARCHAR(20), PRIMARY KEY(BBS_ID, TRGET_ID), CONSTRAINT FK_BBS_USE_MASTER FOREIGN KEY(BBS_ID) REFERENCES TB_BBS_MASTER(BBS_ID));
CREATE MEMORY TABLE TB_BBS (NTT_ID NUMERIC(20) NOT NULL, BBS_ID CHAR(20) NOT NULL, NTT_NO NUMERIC(20), NTT_SJ VARCHAR(2000), NTT_CN LONGVARCHAR, ANSWER_AT CHAR(1), PARNTSCTT_NO NUMERIC(10), ANSWER_LC INTEGER, SORT_ORDR NUMERIC(8), RDCNT NUMERIC(10), USE_AT CHAR(1) NOT NULL, NTCE_BGNDE CHAR(20), NTCE_ENDDE CHAR(20), NTCR_ID VARCHAR(20), NTCR_NM VARCHAR(20), PASSWORD VARCHAR(200), ATCH_FILE_ID CHAR(20), FRST_REGIST_PNTTM TIMESTAMP NOT NULL, FRST_REGISTER_ID VARCHAR(20) NOT NULL, LAST_UPDT_PNTTM TIMESTAMP, LAST_UPDUSR_ID VARCHAR(20), PRIMARY KEY(NTT_ID, BBS_ID), CONSTRAINT FK_BBS_MASTER FOREIGN KEY(BBS_ID) REFERENCES TB_BBS_MASTER(BBS_ID));
CREATE MEMORY TABLE TB_FILE (ATCH_FILE_ID CHAR(20) NOT NULL PRIMARY KEY, CREAT_DT TIMESTAMP NOT NULL, USE_AT CHAR(1), FRST_REGIST_PNTTM TIMESTAMP, FRST_REGISTER_ID VARCHAR(20), LAST_UPDT_PNTTM TIMESTAMP, LAST_UPDUSR_ID VARCHAR(20));
CREATE MEMORY TABLE TB_FILE_DETAIL (ATCH_FILE_ID CHAR(20) NOT NULL, FILE_SN NUMERIC(10) NOT NULL, FILE_STRE_COURS VARCHAR(2000) NOT NULL, STRE_FILE_NM VARCHAR(255) NOT NULL, ORIGNL_FILE_NM VARCHAR(255), FILE_EXTSN VARCHAR(20) NOT NULL, FILE_CN LONGVARCHAR, FILE_SIZE NUMERIC(8), FRST_REGIST_PNTTM TIMESTAMP, FRST_REGISTER_ID VARCHAR(20), LAST_UPDT_PNTTM TIMESTAMP, LAST_UPDUSR_ID VARCHAR(20), PRIMARY KEY(ATCH_FILE_ID, FILE_SN), CONSTRAINT FK_FILE_DETAIL FOREIGN KEY(ATCH_FILE_ID) REFERENCES TB_FILE(ATCH_FILE_ID));
CREATE MEMORY TABLE TB_SCHDUL_INFO (SCHDUL_ID CHAR(20) NOT NULL PRIMARY KEY, SCHDUL_SE CHAR(1), SCHDUL_DEPT_ID VARCHAR(20), SCHDUL_KND_CODE VARCHAR(20), SCHDUL_BEGINDE TIMESTAMP, SCHDUL_ENDDE TIMESTAMP, SCHDUL_NM VARCHAR(255), SCHDUL_CN VARCHAR(2500), SCHDUL_PLACE VARCHAR(255), SCHDUL_IPCR_CODE CHAR(1), SCHDUL_CHARGER_ID VARCHAR(20), ATCH_FILE_ID CHAR(20), REPTIT_SE_CODE CHAR(3), FRST_REGIST_PNTTM TIMESTAMP, FRST_REGISTER_ID VARCHAR(20), LAST_UPDT_PNTTM TIMESTAMP, LAST_UPDUSR_ID VARCHAR(20));
CREATE VIEW VW_USER_MASTER (ESNTL_ID, USER_ID, PASSWORD, USER_NM, USER_ZIP, USER_ADRES, USER_EMAIL, GROUP_ID, USER_SE, ORGNZT_ID) AS SELECT ESNTL_ID, MBER_ID, PASSWORD, MBER_NM, ZIP, ADRES, MBER_EMAIL_ADRES, ' ', 'GNR', ' ' FROM TB_GNRL_MBER UNION ALL SELECT ESNTL_ID, EMPLYR_ID, PASSWORD, USER_NM, ZIP, HOUSE_ADRES, EMAIL_ADRES, GROUP_ID, 'USR', ORGNZT_ID FROM TB_EMPLYR_INFO UNION ALL SELECT ESNTL_ID, ENTRPRS_MBER_ID, ENTRPRS_MBER_PASSWORD, CMPNY_NM, ZIP, ADRES, APPLCNT_EMAIL_ADRES, ' ', 'ENT', ' ' FROM TB_ENTRPRS_MBER;

SET WRITE_DELAY 20;
SET SCHEMA PUBLIC;

INSERT INTO IDS VALUES ('BBS_ID', 1);
INSERT INTO IDS VALUES ('FILE_ID', 1);
INSERT INTO IDS VALUES ('SAMPLE', 1);
INSERT INTO IDS VALUES ('SCHDUL_ID', 1);
INSERT INTO IDS VALUES ('TMPLAT_ID', 1);
INSERT INTO COMTECOPSEQ VALUES ('USRCNFRM_ID', 20);

INSERT INTO TB_CMMN_CL_CODE VALUES ('LET', '전자정부 프레임워크 경량환경 템플릿', '전자정부 프레임워크 경량환경 템플릿', 'Y', '2011-08-31 00:00:00.000000000', 'SYSTEM', '2011-08-31 00:00:00.000000000', 'SYSTEM');
INSERT INTO TB_CMMN_CODE VALUES ('COM001', '등록구분', '게시판, 커뮤니티, 동호회 등록구분코드', 'Y', 'LET', '2011-08-31 00:00:00.000000000', 'SYSTEM', '2011-08-31 00:00:00.000000000', 'SYSTEM');
INSERT INTO TB_CMMN_CODE VALUES ('COM003', '업무구분', '업무구분코드', 'Y', 'LET', '2011-08-31 00:00:00.000000000', 'SYSTEM', '2011-08-31 00:00:00.000000000', 'SYSTEM');
INSERT INTO TB_CMMN_CODE VALUES ('COM004', '게시판유형', '게시판유형구분코드', 'Y', 'LET', '2011-08-31 00:00:00.000000000', 'SYSTEM', '2011-08-31 00:00:00.000000000', 'SYSTEM');
INSERT INTO TB_CMMN_CODE VALUES ('COM005', '템플릿유형', '템플릿유형구분코드', 'Y', 'LET', '2011-08-31 00:00:00.000000000', 'SYSTEM', '2011-08-31 00:00:00.000000000', 'SYSTEM');
INSERT INTO TB_CMMN_CODE VALUES ('COM009', '게시판속성', '게시판 속성', 'Y', 'LET', '2011-08-31 00:00:00.000000000', 'SYSTEM', '2011-08-31 00:00:00.000000000', 'SYSTEM');
INSERT INTO TB_CMMN_CODE VALUES ('COM019', '일정중요도', '일정중요도 낮음/보통/높음 상태구분', 'Y', 'LET', '2011-08-31 00:00:00.000000000', 'SYSTEM', '2011-08-31 00:00:00.000000000', 'SYSTEM');
INSERT INTO TB_CMMN_CODE VALUES ('COM030', '일정구분', '일정구분 코드', 'Y', 'LET', '2011-08-31 00:00:00.000000000', 'SYSTEM', '2011-08-31 00:00:00.000000000', 'SYSTEM');
INSERT INTO TB_CMMN_CODE VALUES ('COM031', '반복구분', '일정 반복구분 코드', 'Y', 'LET', '2011-08-31 00:00:00.000000000', 'SYSTEM', '2011-08-31 00:00:00.000000000', 'SYSTEM');
INSERT INTO TB_CMMN_DETAIL_CODE VALUES ('COM001', 'REGC01', '단일 게시판 이용등록', '단일 게시판 이용등록', 'Y', '2011-08-31 00:00:00.000000000', 'SYSTEM', '2011-08-31 00:00:00.000000000', 'SYSTEM');
INSERT INTO TB_CMMN_DETAIL_CODE VALUES ('COM001', 'REGC07', '게시판사용자등록', '게시판사용자등록', 'Y', '2011-08-31 00:00:00.000000000', 'SYSTEM', '2011-08-31 00:00:00.000000000', 'SYSTEM');
INSERT INTO TB_CMMN_DETAIL_CODE VALUES ('COM003', 'BBS', '게시판', '게시판', 'Y', '2011-08-31 00:00:00.000000000', 'SYSTEM', '2011-08-31 00:00:00.000000000', 'SYSTEM');
INSERT INTO TB_CMMN_DETAIL_CODE VALUES ('COM004', 'BBST01', '일반게시판', '일반게시판', 'Y', '2011-08-31 00:00:00.000000000', 'SYSTEM', '2011-08-31 00:00:00.000000000', 'SYSTEM');
INSERT INTO TB_CMMN_DETAIL_CODE VALUES ('COM004', 'BBST02', '익명게시판', '익명게시판', 'Y', '2011-08-31 00:00:00.000000000', 'SYSTEM', '2011-08-31 00:00:00.000000000', 'SYSTEM');
INSERT INTO TB_CMMN_DETAIL_CODE VALUES ('COM004', 'BBST03', '공지게시판', '공지게시판', 'Y', '2011-08-31 00:00:00.000000000', 'SYSTEM', '2011-08-31 00:00:00.000000000', 'SYSTEM');
INSERT INTO TB_CMMN_DETAIL_CODE VALUES ('COM004', 'BBST04', '방명록', '방명록', 'Y', '2011-08-31 00:00:00.000000000', 'SYSTEM', '2011-08-31 00:00:00.000000000', 'SYSTEM');
INSERT INTO TB_CMMN_DETAIL_CODE VALUES ('COM005', 'TMPT01', '게시판템플릿', '게시판템플릿', 'Y', '2011-08-31 00:00:00.000000000', 'SYSTEM', '2011-08-31 00:00:00.000000000', 'SYSTEM');
INSERT INTO TB_CMMN_DETAIL_CODE VALUES ('COM009', 'BBSA01', '유효게시판', '유효게시판', 'Y', '2011-08-31 00:00:00.000000000', 'SYSTEM', '2011-08-31 00:00:00.000000000', 'SYSTEM');
INSERT INTO TB_CMMN_DETAIL_CODE VALUES ('COM009', 'BBSA02', '갤러리', '갤러리', 'Y', '2011-08-31 00:00:00.000000000', 'SYSTEM', '2011-08-31 00:00:00.000000000', 'SYSTEM');
INSERT INTO TB_CMMN_DETAIL_CODE VALUES ('COM009', 'BBSA03', '일반게시판', '일반게시판', 'Y', '2011-08-31 00:00:00.000000000', 'SYSTEM', '2011-08-31 00:00:00.000000000', 'SYSTEM');
INSERT INTO TB_CMMN_DETAIL_CODE VALUES ('COM019', 'A', '높음', '높음', 'Y', '2011-08-31 00:00:00.000000000', 'SYSTEM', '2011-08-31 00:00:00.000000000', 'SYSTEM');
INSERT INTO TB_CMMN_DETAIL_CODE VALUES ('COM019', 'B', '보통', '보통', 'Y', '2011-08-31 00:00:00.000000000', 'SYSTEM', '2011-08-31 00:00:00.000000000', 'SYSTEM');
INSERT INTO TB_CMMN_DETAIL_CODE VALUES ('COM019', 'C', '낮음', '낮음', 'Y', '2011-08-31 00:00:00.000000000', 'SYSTEM', '2011-08-31 00:00:00.000000000', 'SYSTEM');
INSERT INTO TB_CMMN_DETAIL_CODE VALUES ('COM030', '1', '회의', '회의', 'Y', '2011-08-31 00:00:00.000000000', 'SYSTEM', '2011-08-31 00:00:00.000000000', 'SYSTEM');
INSERT INTO TB_CMMN_DETAIL_CODE VALUES ('COM030', '2', '세미나', '세미나', 'Y', '2011-08-31 00:00:00.000000000', 'SYSTEM', '2011-08-31 00:00:00.000000000', 'SYSTEM');
INSERT INTO TB_CMMN_DETAIL_CODE VALUES ('COM030', '3', '강의', '강의', 'Y', '2011-08-31 00:00:00.000000000', 'SYSTEM', '2011-08-31 00:00:00.000000000', 'SYSTEM');
INSERT INTO TB_CMMN_DETAIL_CODE VALUES ('COM030', '4', '교육', '교육', 'Y', '2011-08-31 00:00:00.000000000', 'SYSTEM', '2011-08-31 00:00:00.000000000', 'SYSTEM');
INSERT INTO TB_CMMN_DETAIL_CODE VALUES ('COM030', '5', '기타', '기타', 'Y', '2011-08-31 00:00:00.000000000', 'SYSTEM', '2011-08-31 00:00:00.000000000', 'SYSTEM');
INSERT INTO TB_CMMN_DETAIL_CODE VALUES ('COM031', '1', '당일', '당일', 'Y', '2011-08-31 00:00:00.000000000', 'SYSTEM', '2011-08-31 00:00:00.000000000', 'SYSTEM');
INSERT INTO TB_CMMN_DETAIL_CODE VALUES ('COM031', '2', '반복', '반복', 'Y', '2011-08-31 00:00:00.000000000', 'SYSTEM', '2011-08-31 00:00:00.000000000', 'SYSTEM');
INSERT INTO TB_CMMN_DETAIL_CODE VALUES ('COM031', '3', '연속', '연속', 'Y', '2011-08-31 00:00:00.000000000', 'SYSTEM', '2011-08-31 00:00:00.000000000', 'SYSTEM');
INSERT INTO TB_CMMN_DETAIL_CODE VALUES ('COM031', '4', '요일반복', '요일반복', 'Y', '2011-08-31 00:00:00.000000000', 'SYSTEM', '2011-08-31 00:00:00.000000000', 'SYSTEM');

INSERT INTO TB_ORGNZT_INFO (ORGNZT_ID, ORGNZT_NM, ORGNZT_DC, FRST_REGIST_PNTTM, FRST_REGISTER_ID, LAST_UPDT_PNTTM, LAST_UPDUSR_ID) VALUES ('ORGNZT_0000000000000', '기본조직', '기본조직', '2011-08-31 00:00:00.000000000', 'SYSTEM', '2011-08-31 00:00:00.000000000', 'SYSTEM');
INSERT INTO TB_AUTHOR_GROUP_INFO (GROUP_ID, GROUP_NM, GROUP_CREAT_DE, GROUP_DC, FRST_REGIST_PNTTM, FRST_REGISTER_ID, LAST_UPDT_PNTTM, LAST_UPDUSR_ID) VALUES ('GROUP_00000000000000', 'ROLE_ADMIN', '2024-07-31', '관리자 그룹입니다', '2024-07-31 00:00:00.000000000', 'SYSTEM', '2024-07-31 00:00:00.000000000', 'SYSTEM');
INSERT INTO TB_AUTHOR_GROUP_INFO (GROUP_ID, GROUP_NM, GROUP_CREAT_DE, GROUP_DC, FRST_REGIST_PNTTM, FRST_REGISTER_ID, LAST_UPDT_PNTTM, LAST_UPDUSR_ID) VALUES ('GROUP_00000000000001', 'ROLE_USER', '2024-07-31', '사용자 그룹입니다', '2024-07-31 00:00:00.000000000', 'SYSTEM', '2024-07-31 00:00:00.000000000', 'SYSTEM');

INSERT INTO TB_EMPLYR_INFO (EMPLYR_ID, ORGNZT_ID, USER_NM, PASSWORD, EMPL_NO, IHIDNUM, SEXDSTN_CODE, BRTHDY, FXNUM, HOUSE_ADRES, PASSWORD_HINT, PASSWORD_CNSR, HOUSE_END_TELNO, AREA_NO, DETAIL_ADRES, ZIP, OFFM_TELNO, MBTLNUM, EMAIL_ADRES, OFCPS_NM, HOUSE_MIDDLE_TELNO, GROUP_ID, PSTINST_CODE, EMPLYR_STTUS_CODE, ESNTL_ID, CRTFC_DN_VALUE, SBSCRB_DE, FRST_REGIST_PNTTM, FRST_REGISTER_ID, LAST_UPDT_PNTTM, LAST_UPDUSR_ID) VALUES ('admin', 'ORGNZT_0000000000000', '관리자', 'Igeuuo4cojVU07mlpQKvrnEvq+5YsCN7YChFXwDKG7M=', '', '', 'F', '', '', '관리자 주소', '', '', '', '', '', '', '', '', '', '', '', 'GROUP_00000000000000', '00000000', 'P', 'USRCNFRM_00000000000', '', '2011-08-31 00:00:00.000000000', '2011-08-31 00:00:00.000000000', 'SYSTEM', '2011-08-31 00:00:00.000000000', 'SYSTEM');
INSERT INTO TB_EMPLYR_INFO (EMPLYR_ID, ORGNZT_ID, USER_NM, PASSWORD, EMPL_NO, IHIDNUM, SEXDSTN_CODE, BRTHDY, FXNUM, HOUSE_ADRES, PASSWORD_HINT, PASSWORD_CNSR, HOUSE_END_TELNO, AREA_NO, DETAIL_ADRES, ZIP, OFFM_TELNO, MBTLNUM, EMAIL_ADRES, OFCPS_NM, HOUSE_MIDDLE_TELNO, GROUP_ID, PSTINST_CODE, EMPLYR_STTUS_CODE, ESNTL_ID, CRTFC_DN_VALUE, SBSCRB_DE, FRST_REGIST_PNTTM, FRST_REGISTER_ID, LAST_UPDT_PNTTM, LAST_UPDUSR_ID) VALUES ('user', 'ORGNZT_0000000000000', '사용자', 'rTozi2u1iWZ8AikX9o06EtgDVxXtwNV7Eb600ai5Amk=', '', '', 'F', '', '', '사용자 주소', '', '', '', '', '', '', '', '', '', '', '', 'GROUP_00000000000001', '00000000', 'P', 'USRCNFRM_00000000001', '', '2011-08-31 00:00:00.000000000', '2011-08-31 00:00:00.000000000', 'SYSTEM', '2011-08-31 00:00:00.000000000', 'SYSTEM');

INSERT INTO TB_BBS_MASTER VALUES ('BBSMSTR_AAAAAAAAAAAA', '공지사항', '공지사항게시판', 'BBST03', 'BBSA03', 'Y', 'Y', 2, 5242880, 'Y', 'TMPLAT_BOARD_DEFAULT', '2011-08-31 12:00:00.000000000', 'USRCNFRM_00000000000', '2011-08-31 12:00:00.000000000', 'USRCNFRM_00000000000');
INSERT INTO TB_BBS_MASTER VALUES ('BBSMSTR_BBBBBBBBBBBB', '갤러리', '갤러리게시판', 'BBST01', 'BBSA02', 'Y', 'Y', 2, 5242880, 'Y', 'TMPLAT_BOARD_DEFAULT', '2011-08-31 12:00:00.000000000', 'USRCNFRM_00000000000', '2011-08-31 12:00:00.000000000', 'USRCNFRM_00000000000');
INSERT INTO TB_BBS_MASTER VALUES ('BBSMSTR_CCCCCCCCCCCC', '자료실', '자료실게시판', 'BBST01', 'BBSA03', 'Y', 'Y', 2, 5242880, 'Y', 'TMPLAT_BOARD_DEFAULT', '2011-08-31 12:00:00.000000000', 'USRCNFRM_00000000000', '2011-08-31 12:00:00.000000000', 'USRCNFRM_00000000000');

INSERT INTO TB_BBS_USE VALUES ('BBSMSTR_AAAAAAAAAAAA', 'SYSTEM_DEFAULT_BOARD', 'Y', 'REGC01', '2011-08-31 12:00:00.000000000', 'USRCNFRM_00000000000', '2011-08-31 12:00:00.000000000', 'USRCNFRM_00000000000');
INSERT INTO TB_BBS_USE VALUES ('BBSMSTR_BBBBBBBBBBBB', 'SYSTEM_DEFAULT_BOARD', 'Y', 'REGC01', '2011-08-31 12:00:00.000000000', 'USRCNFRM_00000000000', '2011-08-31 12:00:00.000000000', 'USRCNFRM_00000000000');
INSERT INTO TB_BBS_USE VALUES ('BBSMSTR_CCCCCCCCCCCC', 'SYSTEM_DEFAULT_BOARD', 'Y', 'REGC01', '2011-08-31 12:00:00.000000000', 'USRCNFRM_00000000000', '2011-08-31 12:00:00.000000000', 'USRCNFRM_00000000000');

INSERT INTO TB_BBS (NTT_ID, BBS_ID, NTT_NO, NTT_SJ, NTT_CN, ANSWER_AT, PARNTSCTT_NO, ANSWER_LC, SORT_ORDR, RDCNT, USE_AT, NTCE_BGNDE, NTCE_ENDDE, NTCR_ID, NTCR_NM, PASSWORD, ATCH_FILE_ID, FRST_REGIST_PNTTM, FRST_REGISTER_ID, LAST_UPDT_PNTTM, LAST_UPDUSR_ID) VALUES (1, 'BBSMSTR_AAAAAAAAAAAA', 1, '홈페이지 샘플공지1', '홈페이지 샘플공지1', 'N', 0, 0, 2, 0, 'Y', '10000101', '99991231', '', '', '', null, '2011-08-31 12:00:00.000000000', 'USRCNFRM_00000000000', null, null);
INSERT INTO TB_BBS (NTT_ID, BBS_ID, NTT_NO, NTT_SJ, NTT_CN, ANSWER_AT, PARNTSCTT_NO, ANSWER_LC, SORT_ORDR, RDCNT, USE_AT, NTCE_BGNDE, NTCE_ENDDE, NTCR_ID, NTCR_NM, PASSWORD, ATCH_FILE_ID, FRST_REGIST_PNTTM, FRST_REGISTER_ID, LAST_UPDT_PNTTM, LAST_UPDUSR_ID) VALUES (2, 'BBSMSTR_AAAAAAAAAAAA', 2, '홈페이지 샘플공지2', '홈페이지 샘플공지2', 'N', 0, 0, 2, 0, 'Y', '10000101', '99991231', '', '', '', null, '2011-08-31 12:00:00.000000000', 'USRCNFRM_00000000000', null, null);
INSERT INTO TB_BBS (NTT_ID, BBS_ID, NTT_NO, NTT_SJ, NTT_CN, ANSWER_AT, PARNTSCTT_NO, ANSWER_LC, SORT_ORDR, RDCNT, USE_AT, NTCE_BGNDE, NTCE_ENDDE, NTCR_ID, NTCR_NM, PASSWORD, ATCH_FILE_ID, FRST_REGIST_PNTTM, FRST_REGISTER_ID, LAST_UPDT_PNTTM, LAST_UPDUSR_ID) VALUES (3, 'BBSMSTR_AAAAAAAAAAAA', 3, '홈페이지 샘플공지3', '홈페이지 샘플공지3', 'N', 0, 0, 2, 0, 'Y', '10000101', '99991231', '', '', '', null, '2011-08-31 12:00:00.000000000', 'USRCNFRM_00000000000', null, null);
INSERT INTO TB_BBS (NTT_ID, BBS_ID, NTT_NO, NTT_SJ, NTT_CN, ANSWER_AT, PARNTSCTT_NO, ANSWER_LC, SORT_ORDR, RDCNT, USE_AT, NTCE_BGNDE, NTCE_ENDDE, NTCR_ID, NTCR_NM, PASSWORD, ATCH_FILE_ID, FRST_REGIST_PNTTM, FRST_REGISTER_ID, LAST_UPDT_PNTTM, LAST_UPDUSR_ID) VALUES (4, 'BBSMSTR_AAAAAAAAAAAA', 4, '홈페이지 샘플공지4', '홈페이지 샘플공지4', 'N', 0, 0, 2, 0, 'Y', '10000101', '99991231', '', '', '', null, '2011-08-31 12:00:00.000000000', 'USRCNFRM_00000000000', null, null);
INSERT INTO TB_BBS (NTT_ID, BBS_ID, NTT_NO, NTT_SJ, NTT_CN, ANSWER_AT, PARNTSCTT_NO, ANSWER_LC, SORT_ORDR, RDCNT, USE_AT, NTCE_BGNDE, NTCE_ENDDE, NTCR_ID, NTCR_NM, PASSWORD, ATCH_FILE_ID, FRST_REGIST_PNTTM, FRST_REGISTER_ID, LAST_UPDT_PNTTM, LAST_UPDUSR_ID) VALUES (5, 'BBSMSTR_AAAAAAAAAAAA', 5, '홈페이지 샘플공지5', '홈페이지 샘플공지5', 'N', 0, 0, 2, 0, 'Y', '10000101', '99991231', '', '', '', null, '2011-08-31 12:00:00.000000000', 'USRCNFRM_00000000000', null, null);
INSERT INTO TB_BBS (NTT_ID, BBS_ID, NTT_NO, NTT_SJ, NTT_CN, ANSWER_AT, PARNTSCTT_NO, ANSWER_LC, SORT_ORDR, RDCNT, USE_AT, NTCE_BGNDE, NTCE_ENDDE, NTCR_ID, NTCR_NM, PASSWORD, ATCH_FILE_ID, FRST_REGIST_PNTTM, FRST_REGISTER_ID, LAST_UPDT_PNTTM, LAST_UPDUSR_ID) VALUES (6, 'BBSMSTR_BBBBBBBBBBBB', 1, '홈페이지 샘플게시1', '홈페이지 샘플게시1', 'N', 0, 0, 2, 0, 'Y', '10000101', '99991231', '', '', '', null, '2011-08-31 12:00:00.000000000', 'USRCNFRM_00000000000', null, null);
INSERT INTO TB_BBS (NTT_ID, BBS_ID, NTT_NO, NTT_SJ, NTT_CN, ANSWER_AT, PARNTSCTT_NO, ANSWER_LC, SORT_ORDR, RDCNT, USE_AT, NTCE_BGNDE, NTCE_ENDDE, NTCR_ID, NTCR_NM, PASSWORD, ATCH_FILE_ID, FRST_REGIST_PNTTM, FRST_REGISTER_ID, LAST_UPDT_PNTTM, LAST_UPDUSR_ID) VALUES (7, 'BBSMSTR_BBBBBBBBBBBB', 2, '홈페이지 샘플게시2', '홈페이지 샘플게시2', 'N', 0, 0, 2, 0, 'Y', '10000101', '99991231', '', '', '', null, '2011-08-31 12:00:00.000000000', 'USRCNFRM_00000000000', null, null);
INSERT INTO TB_BBS (NTT_ID, BBS_ID, NTT_NO, NTT_SJ, NTT_CN, ANSWER_AT, PARNTSCTT_NO, ANSWER_LC, SORT_ORDR, RDCNT, USE_AT, NTCE_BGNDE, NTCE_ENDDE, NTCR_ID, NTCR_NM, PASSWORD, ATCH_FILE_ID, FRST_REGIST_PNTTM, FRST_REGISTER_ID, LAST_UPDT_PNTTM, LAST_UPDUSR_ID) VALUES (8, 'BBSMSTR_BBBBBBBBBBBB', 3, '홈페이지 샘플게시3', '홈페이지 샘플게시3', 'N', 0, 0, 2, 0, 'Y', '10000101', '99991231', '', '', '', null, '2011-08-31 12:00:00.000000000', 'USRCNFRM_00000000000', null, null);
INSERT INTO TB_BBS (NTT_ID, BBS_ID, NTT_NO, NTT_SJ, NTT_CN, ANSWER_AT, PARNTSCTT_NO, ANSWER_LC, SORT_ORDR, RDCNT, USE_AT, NTCE_BGNDE, NTCE_ENDDE, NTCR_ID, NTCR_NM, PASSWORD, ATCH_FILE_ID, FRST_REGIST_PNTTM, FRST_REGISTER_ID, LAST_UPDT_PNTTM, LAST_UPDUSR_ID) VALUES (9, 'BBSMSTR_BBBBBBBBBBBB', 4, '홈페이지 샘플게시4', '홈페이지 샘플게시4', 'N', 0, 0, 2, 0, 'Y', '10000101', '99991231', '', '', '', null, '2011-08-31 12:00:00.000000000', 'USRCNFRM_00000000000', null, null);
INSERT INTO TB_BBS (NTT_ID, BBS_ID, NTT_NO, NTT_SJ, NTT_CN, ANSWER_AT, PARNTSCTT_NO, ANSWER_LC, SORT_ORDR, RDCNT, USE_AT, NTCE_BGNDE, NTCE_ENDDE, NTCR_ID, NTCR_NM, PASSWORD, ATCH_FILE_ID, FRST_REGIST_PNTTM, FRST_REGISTER_ID, LAST_UPDT_PNTTM, LAST_UPDUSR_ID) VALUES (10, 'BBSMSTR_BBBBBBBBBBBB', 5, '홈페이지 샘플게시5', '홈페이지 샘플게시5', 'N', 0, 0, 2, 0, 'Y', '10000101', '99991231', '', '', '', null, '2011-08-31 12:00:00.000000000', 'USRCNFRM_00000000000', null, null);

-- ============================================================
-- 커뮤니티/동호회/약관/다이어리 (기능 유지 — 표준 TB_ 명명 + 감사컬럼)
-- ============================================================
DROP TABLE IF EXISTS TB_CMMNTY_USER CASCADE;
DROP TABLE IF EXISTS TB_CLUB_USER CASCADE;
DROP TABLE IF EXISTS TB_CMMNTY CASCADE;
DROP TABLE IF EXISTS TB_CLUB CASCADE;
DROP TABLE IF EXISTS TB_STPLAT_INFO CASCADE;
DROP TABLE IF EXISTS TB_DIARY_INFO CASCADE;
CREATE MEMORY TABLE TB_CMMNTY (CMMNTY_ID VARCHAR(20) NOT NULL PRIMARY KEY, CMMNTY_NM VARCHAR(60), USE_AT CHAR(1), FRST_REGIST_PNTTM TIMESTAMP, FRST_REGISTER_ID VARCHAR(20), LAST_UPDT_PNTTM TIMESTAMP, LAST_UPDUSR_ID VARCHAR(20));
CREATE MEMORY TABLE TB_CMMNTY_USER (ESNTL_ID VARCHAR(20) NOT NULL PRIMARY KEY, CMMNTY_ID VARCHAR(20), EMPLYR_ID VARCHAR(20), MNGR_AT CHAR(1), USE_AT CHAR(1), REGIST_SE_CODE VARCHAR(6), FRST_REGIST_PNTTM TIMESTAMP, FRST_REGISTER_ID VARCHAR(20), LAST_UPDT_PNTTM TIMESTAMP, LAST_UPDUSR_ID VARCHAR(20));
CREATE MEMORY TABLE TB_CLUB (CLB_ID VARCHAR(20) NOT NULL PRIMARY KEY, CLB_NM VARCHAR(60), USE_AT CHAR(1), FRST_REGIST_PNTTM TIMESTAMP, FRST_REGISTER_ID VARCHAR(20), LAST_UPDT_PNTTM TIMESTAMP, LAST_UPDUSR_ID VARCHAR(20));
CREATE MEMORY TABLE TB_CLUB_USER (ESNTL_ID VARCHAR(20) NOT NULL PRIMARY KEY, CLB_ID VARCHAR(20), EMPLYR_ID VARCHAR(20), OPRTR_AT CHAR(1), USE_AT CHAR(1), REGIST_SE_CODE VARCHAR(6), FRST_REGIST_PNTTM TIMESTAMP, FRST_REGISTER_ID VARCHAR(20), LAST_UPDT_PNTTM TIMESTAMP, LAST_UPDUSR_ID VARCHAR(20));
CREATE MEMORY TABLE TB_STPLAT_INFO (USE_STPLAT_ID VARCHAR(20) NOT NULL PRIMARY KEY, USE_STPLAT_NM VARCHAR(100), USE_STPLAT_CN VARCHAR(4000), INFO_PROVD_AGRE_CN VARCHAR(4000), FRST_REGIST_PNTTM TIMESTAMP, FRST_REGISTER_ID VARCHAR(20), LAST_UPDT_PNTTM TIMESTAMP, LAST_UPDUSR_ID VARCHAR(20));
CREATE MEMORY TABLE TB_DIARY_INFO (DIARY_ID VARCHAR(20) NOT NULL PRIMARY KEY, SCHDUL_ID VARCHAR(20), DIARY_CN VARCHAR(2500), FRST_REGIST_PNTTM TIMESTAMP, FRST_REGISTER_ID VARCHAR(20), LAST_UPDT_PNTTM TIMESTAMP, LAST_UPDUSR_ID VARCHAR(20));

-- 개정이력: 2026.06.17  구재호  커뮤니티/동호회/약관/다이어리 TB_ 테이블 추가
