-- ============================================================
-- simple-home-boot PostgreSQL 기초 데이터 (DML)
-- ============================================================

-- 시퀀스
INSERT INTO IDS (TABLE_NAME, NEXT_ID) VALUES ('BBS_ID', 1);
INSERT INTO IDS (TABLE_NAME, NEXT_ID) VALUES ('FILE_ID', 1);
INSERT INTO IDS (TABLE_NAME, NEXT_ID) VALUES ('SAMPLE', 1);
INSERT INTO IDS (TABLE_NAME, NEXT_ID) VALUES ('SCHDUL_ID', 1);
INSERT INTO IDS (TABLE_NAME, NEXT_ID) VALUES ('TMPLAT_ID', 1);
INSERT INTO COMTECOPSEQ (TABLE_NAME, NEXT_ID) VALUES ('USRCNFRM_ID', 20);

-- 공통코드 대분류
INSERT INTO TB_CMMN_CL_CODE VALUES ('LET', '전자정부 프레임워크 경량환경 템플릿', '전자정부 프레임워크 경량환경 템플릿', 'Y', NOW(), 'SYSTEM', NOW(), 'SYSTEM');

-- 공통코드
INSERT INTO TB_CMMN_CODE VALUES ('COM001', '등록구분', '게시판, 커뮤니티, 동호회 등록구분코드', 'Y', 'LET', NOW(), 'SYSTEM', NOW(), 'SYSTEM');
INSERT INTO TB_CMMN_CODE VALUES ('COM003', '업무구분', '업무구분코드', 'Y', 'LET', NOW(), 'SYSTEM', NOW(), 'SYSTEM');
INSERT INTO TB_CMMN_CODE VALUES ('COM004', '게시판유형', '게시판유형구분코드', 'Y', 'LET', NOW(), 'SYSTEM', NOW(), 'SYSTEM');
INSERT INTO TB_CMMN_CODE VALUES ('COM005', '템플릿유형', '템플릿유형구분코드', 'Y', 'LET', NOW(), 'SYSTEM', NOW(), 'SYSTEM');
INSERT INTO TB_CMMN_CODE VALUES ('COM009', '게시판속성', '게시판 속성', 'Y', 'LET', NOW(), 'SYSTEM', NOW(), 'SYSTEM');
INSERT INTO TB_CMMN_CODE VALUES ('COM019', '일정중요도', '일정중요도 낮음/보통/높음 상태구분', 'Y', 'LET', NOW(), 'SYSTEM', NOW(), 'SYSTEM');
INSERT INTO TB_CMMN_CODE VALUES ('COM030', '일정구분', '일정구분 코드', 'Y', 'LET', NOW(), 'SYSTEM', NOW(), 'SYSTEM');
INSERT INTO TB_CMMN_CODE VALUES ('COM031', '반복구분', '일정 반복구분 코드', 'Y', 'LET', NOW(), 'SYSTEM', NOW(), 'SYSTEM');

-- 공통상세코드
INSERT INTO TB_CMMN_DETAIL_CODE VALUES ('COM001', 'REGC01', '단일 게시판 이용등록', '단일 게시판 이용등록', 'Y', NOW(), 'SYSTEM', NOW(), 'SYSTEM');
INSERT INTO TB_CMMN_DETAIL_CODE VALUES ('COM001', 'REGC07', '게시판사용자등록', '게시판사용자등록', 'Y', NOW(), 'SYSTEM', NOW(), 'SYSTEM');
INSERT INTO TB_CMMN_DETAIL_CODE VALUES ('COM003', 'BBS', '게시판', '게시판', 'Y', NOW(), 'SYSTEM', NOW(), 'SYSTEM');
INSERT INTO TB_CMMN_DETAIL_CODE VALUES ('COM004', 'BBST01', '일반게시판', '일반게시판', 'Y', NOW(), 'SYSTEM', NOW(), 'SYSTEM');
INSERT INTO TB_CMMN_DETAIL_CODE VALUES ('COM004', 'BBST02', '익명게시판', '익명게시판', 'Y', NOW(), 'SYSTEM', NOW(), 'SYSTEM');
INSERT INTO TB_CMMN_DETAIL_CODE VALUES ('COM004', 'BBST03', '공지게시판', '공지게시판', 'Y', NOW(), 'SYSTEM', NOW(), 'SYSTEM');
INSERT INTO TB_CMMN_DETAIL_CODE VALUES ('COM004', 'BBST04', '방명록', '방명록', 'Y', NOW(), 'SYSTEM', NOW(), 'SYSTEM');
INSERT INTO TB_CMMN_DETAIL_CODE VALUES ('COM005', 'TMPT01', '게시판템플릿', '게시판템플릿', 'Y', NOW(), 'SYSTEM', NOW(), 'SYSTEM');
INSERT INTO TB_CMMN_DETAIL_CODE VALUES ('COM009', 'BBSA01', '유효게시판', '유효게시판', 'Y', NOW(), 'SYSTEM', NOW(), 'SYSTEM');
INSERT INTO TB_CMMN_DETAIL_CODE VALUES ('COM009', 'BBSA02', '갤러리', '갤러리', 'Y', NOW(), 'SYSTEM', NOW(), 'SYSTEM');
INSERT INTO TB_CMMN_DETAIL_CODE VALUES ('COM009', 'BBSA03', '일반게시판', '일반게시판', 'Y', NOW(), 'SYSTEM', NOW(), 'SYSTEM');
INSERT INTO TB_CMMN_DETAIL_CODE VALUES ('COM019', 'A', '높음', '높음', 'Y', NOW(), 'SYSTEM', NOW(), 'SYSTEM');
INSERT INTO TB_CMMN_DETAIL_CODE VALUES ('COM019', 'B', '보통', '보통', 'Y', NOW(), 'SYSTEM', NOW(), 'SYSTEM');
INSERT INTO TB_CMMN_DETAIL_CODE VALUES ('COM019', 'C', '낮음', '낮음', 'Y', NOW(), 'SYSTEM', NOW(), 'SYSTEM');
INSERT INTO TB_CMMN_DETAIL_CODE VALUES ('COM030', '1', '회의', '회의', 'Y', NOW(), 'SYSTEM', NOW(), 'SYSTEM');
INSERT INTO TB_CMMN_DETAIL_CODE VALUES ('COM030', '2', '세미나', '세미나', 'Y', NOW(), 'SYSTEM', NOW(), 'SYSTEM');
INSERT INTO TB_CMMN_DETAIL_CODE VALUES ('COM030', '3', '강의', '강의', 'Y', NOW(), 'SYSTEM', NOW(), 'SYSTEM');
INSERT INTO TB_CMMN_DETAIL_CODE VALUES ('COM030', '4', '교육', '교육', 'Y', NOW(), 'SYSTEM', NOW(), 'SYSTEM');
INSERT INTO TB_CMMN_DETAIL_CODE VALUES ('COM030', '5', '기타', '기타', 'Y', NOW(), 'SYSTEM', NOW(), 'SYSTEM');
INSERT INTO TB_CMMN_DETAIL_CODE VALUES ('COM031', '1', '당일', '당일', 'Y', NOW(), 'SYSTEM', NOW(), 'SYSTEM');
INSERT INTO TB_CMMN_DETAIL_CODE VALUES ('COM031', '2', '반복', '반복', 'Y', NOW(), 'SYSTEM', NOW(), 'SYSTEM');
INSERT INTO TB_CMMN_DETAIL_CODE VALUES ('COM031', '3', '연속', '연속', 'Y', NOW(), 'SYSTEM', NOW(), 'SYSTEM');
INSERT INTO TB_CMMN_DETAIL_CODE VALUES ('COM031', '4', '요일반복', '요일반복', 'Y', NOW(), 'SYSTEM', NOW(), 'SYSTEM');

-- 조직
INSERT INTO TB_ORGNZT_INFO (ORGNZT_ID, ORGNZT_NM, ORGNZT_DC, FRST_REGIST_PNTTM, FRST_REGISTER_ID, LAST_UPDT_PNTTM, LAST_UPDUSR_ID) VALUES ('ORGNZT_0000000000000', '기본조직', '기본조직', NOW(), 'SYSTEM', NOW(), 'SYSTEM');

-- 권한그룹
INSERT INTO TB_AUTHOR_GROUP_INFO (GROUP_ID, GROUP_NM, GROUP_CREAT_DE, GROUP_DC, FRST_REGIST_PNTTM, FRST_REGISTER_ID, LAST_UPDT_PNTTM, LAST_UPDUSR_ID) VALUES ('GROUP_00000000000000', 'ROLE_ADMIN', NOW()::text, '관리자 그룹입니다', NOW(), 'SYSTEM', NOW(), 'SYSTEM');
INSERT INTO TB_AUTHOR_GROUP_INFO (GROUP_ID, GROUP_NM, GROUP_CREAT_DE, GROUP_DC, FRST_REGIST_PNTTM, FRST_REGISTER_ID, LAST_UPDT_PNTTM, LAST_UPDUSR_ID) VALUES ('GROUP_00000000000001', 'ROLE_USER', NOW()::text, '사용자 그룹입니다', NOW(), 'SYSTEM', NOW(), 'SYSTEM');

-- 사용자
INSERT INTO TB_EMPLYR_INFO (EMPLYR_ID, ORGNZT_ID, USER_NM, PASSWORD, EMPL_NO, IHIDNUM, SEXDSTN_CODE, BRTHDY, FXNUM, HOUSE_ADRES, PASSWORD_HINT, PASSWORD_CNSR, HOUSE_END_TELNO, AREA_NO, DETAIL_ADRES, ZIP, OFFM_TELNO, MBTLNUM, EMAIL_ADRES, OFCPS_NM, HOUSE_MIDDLE_TELNO, GROUP_ID, PSTINST_CODE, EMPLYR_STTUS_CODE, ESNTL_ID, CRTFC_DN_VALUE, SBSCRB_DE, FRST_REGIST_PNTTM, FRST_REGISTER_ID, LAST_UPDT_PNTTM, LAST_UPDUSR_ID) VALUES ('admin', 'ORGNZT_0000000000000', '관리자', 'Igeuuo4cojVU07mlpQKvrnEvq+5YsCN7YChFXwDKG7M=', '', '', 'F', '', '', '관리자 주소', 'P01', '123', '', '', '', '', '', '', '', '', '', 'GROUP_00000000000000', '00000000', 'P', 'USRCNFRM_00000000000', '', NOW(), NOW(), 'SYSTEM', NOW(), 'SYSTEM');
INSERT INTO TB_EMPLYR_INFO (EMPLYR_ID, ORGNZT_ID, USER_NM, PASSWORD, EMPL_NO, IHIDNUM, SEXDSTN_CODE, BRTHDY, FXNUM, HOUSE_ADRES, PASSWORD_HINT, PASSWORD_CNSR, HOUSE_END_TELNO, AREA_NO, DETAIL_ADRES, ZIP, OFFM_TELNO, MBTLNUM, EMAIL_ADRES, OFCPS_NM, HOUSE_MIDDLE_TELNO, GROUP_ID, PSTINST_CODE, EMPLYR_STTUS_CODE, ESNTL_ID, CRTFC_DN_VALUE, SBSCRB_DE, FRST_REGIST_PNTTM, FRST_REGISTER_ID, LAST_UPDT_PNTTM, LAST_UPDUSR_ID) VALUES ('user', 'ORGNZT_0000000000000', '사용자', 'rTozi2u1iWZ8AikX9o06EtgDVxXtwNV7Eb600ai5Amk=', '', '', 'F', '', '', '사용자 주소', 'P01', '123', '', '', '', '', '', '', '', '', '', 'GROUP_00000000000001', '00000000', 'P', 'USRCNFRM_00000000001', '', NOW(), NOW(), 'SYSTEM', NOW(), 'SYSTEM');

-- 게시판 마스터
INSERT INTO TB_BBS_MASTER (BBS_ID, BBS_NM, BBS_INTRCN, BBS_TY_CODE, BBS_ATTRB_CODE, REPLY_POSBL_AT, FILE_ATCH_POSBL_AT, ATCH_POSBL_FILE_NUMBER, ATCH_POSBL_FILE_SIZE, USE_AT, TMPLAT_ID, FRST_REGIST_PNTTM, FRST_REGISTER_ID, LAST_UPDT_PNTTM, LAST_UPDUSR_ID) VALUES ('BBSMSTR_AAAAAAAAAAAA', '공지사항', '공지사항게시판', 'BBST03', 'BBSA03', 'Y', 'Y', 2, 5242880, 'Y', 'TMPLAT_BOARD_DEFAULT', NOW(), 'USRCNFRM_00000000000', NOW(), 'USRCNFRM_00000000000');
INSERT INTO TB_BBS_MASTER (BBS_ID, BBS_NM, BBS_INTRCN, BBS_TY_CODE, BBS_ATTRB_CODE, REPLY_POSBL_AT, FILE_ATCH_POSBL_AT, ATCH_POSBL_FILE_NUMBER, ATCH_POSBL_FILE_SIZE, USE_AT, TMPLAT_ID, FRST_REGIST_PNTTM, FRST_REGISTER_ID, LAST_UPDT_PNTTM, LAST_UPDUSR_ID) VALUES ('BBSMSTR_BBBBBBBBBBBB', '갤러리', '갤러리게시판', 'BBST01', 'BBSA02', 'Y', 'Y', 2, 5242880, 'Y', 'TMPLAT_BOARD_DEFAULT', NOW(), 'USRCNFRM_00000000000', NOW(), 'USRCNFRM_00000000000');
INSERT INTO TB_BBS_MASTER (BBS_ID, BBS_NM, BBS_INTRCN, BBS_TY_CODE, BBS_ATTRB_CODE, REPLY_POSBL_AT, FILE_ATCH_POSBL_AT, ATCH_POSBL_FILE_NUMBER, ATCH_POSBL_FILE_SIZE, USE_AT, TMPLAT_ID, FRST_REGIST_PNTTM, FRST_REGISTER_ID, LAST_UPDT_PNTTM, LAST_UPDUSR_ID) VALUES ('BBSMSTR_CCCCCCCCCCCC', '자료실', '자료실게시판', 'BBST01', 'BBSA03', 'Y', 'Y', 2, 5242880, 'Y', 'TMPLAT_BOARD_DEFAULT', NOW(), 'USRCNFRM_00000000000', NOW(), 'USRCNFRM_00000000000');

-- 게시판 사용
INSERT INTO TB_BBS_USE (BBS_ID, TRGET_ID, USE_AT, REGIST_SE_CODE, FRST_REGIST_PNTTM, FRST_REGISTER_ID, LAST_UPDT_PNTTM, LAST_UPDUSR_ID) VALUES ('BBSMSTR_AAAAAAAAAAAA', 'SYSTEM_DEFAULT_BOARD', 'Y', 'REGC01', NOW(), 'USRCNFRM_00000000000', NOW(), 'USRCNFRM_00000000000');
INSERT INTO TB_BBS_USE (BBS_ID, TRGET_ID, USE_AT, REGIST_SE_CODE, FRST_REGIST_PNTTM, FRST_REGISTER_ID, LAST_UPDT_PNTTM, LAST_UPDUSR_ID) VALUES ('BBSMSTR_BBBBBBBBBBBB', 'SYSTEM_DEFAULT_BOARD', 'Y', 'REGC01', NOW(), 'USRCNFRM_00000000000', NOW(), 'USRCNFRM_00000000000');
INSERT INTO TB_BBS_USE (BBS_ID, TRGET_ID, USE_AT, REGIST_SE_CODE, FRST_REGIST_PNTTM, FRST_REGISTER_ID, LAST_UPDT_PNTTM, LAST_UPDUSR_ID) VALUES ('BBSMSTR_CCCCCCCCCCCC', 'SYSTEM_DEFAULT_BOARD', 'Y', 'REGC01', NOW(), 'USRCNFRM_00000000000', NOW(), 'USRCNFRM_00000000000');

-- 게시물 샘플
INSERT INTO TB_BBS (NTT_ID, BBS_ID, NTT_NO, NTT_SJ, NTT_CN, ANSWER_AT, PARNTSCTT_NO, ANSWER_LC, SORT_ORDR, RDCNT, USE_AT, NTCE_BGNDE, NTCE_ENDDE, NTCR_ID, NTCR_NM, PASSWORD, ATCH_FILE_ID, FRST_REGIST_PNTTM, FRST_REGISTER_ID, LAST_UPDT_PNTTM, LAST_UPDUSR_ID) VALUES (1, 'BBSMSTR_AAAAAAAAAAAA', 1, '홈페이지 샘플공지1', '홈페이지 샘플공지1', 'N', 0, 0, 2, 0, 'Y', '10000101', '99991231', '', '', '', null, NOW(), 'USRCNFRM_00000000000', null, null);
INSERT INTO TB_BBS (NTT_ID, BBS_ID, NTT_NO, NTT_SJ, NTT_CN, ANSWER_AT, PARNTSCTT_NO, ANSWER_LC, SORT_ORDR, RDCNT, USE_AT, NTCE_BGNDE, NTCE_ENDDE, NTCR_ID, NTCR_NM, PASSWORD, ATCH_FILE_ID, FRST_REGIST_PNTTM, FRST_REGISTER_ID, LAST_UPDT_PNTTM, LAST_UPDUSR_ID) VALUES (2, 'BBSMSTR_AAAAAAAAAAAA', 2, '홈페이지 샘플공지2', '홈페이지 샘플공지2', 'N', 0, 0, 2, 0, 'Y', '10000101', '99991231', '', '', '', null, NOW(), 'USRCNFRM_00000000000', null, null);
INSERT INTO TB_BBS (NTT_ID, BBS_ID, NTT_NO, NTT_SJ, NTT_CN, ANSWER_AT, PARNTSCTT_NO, ANSWER_LC, SORT_ORDR, RDCNT, USE_AT, NTCE_BGNDE, NTCE_ENDDE, NTCR_ID, NTCR_NM, PASSWORD, ATCH_FILE_ID, FRST_REGIST_PNTTM, FRST_REGISTER_ID, LAST_UPDT_PNTTM, LAST_UPDUSR_ID) VALUES (3, 'BBSMSTR_AAAAAAAAAAAA', 3, '홈페이지 샘플공지3', '홈페이지 샘플공지3', 'N', 0, 0, 2, 0, 'Y', '10000101', '99991231', '', '', '', null, NOW(), 'USRCNFRM_00000000000', null, null);
INSERT INTO TB_BBS (NTT_ID, BBS_ID, NTT_NO, NTT_SJ, NTT_CN, ANSWER_AT, PARNTSCTT_NO, ANSWER_LC, SORT_ORDR, RDCNT, USE_AT, NTCE_BGNDE, NTCE_ENDDE, NTCR_ID, NTCR_NM, PASSWORD, ATCH_FILE_ID, FRST_REGIST_PNTTM, FRST_REGISTER_ID, LAST_UPDT_PNTTM, LAST_UPDUSR_ID) VALUES (4, 'BBSMSTR_AAAAAAAAAAAA', 4, '홈페이지 샘플공지4', '홈페이지 샘플공지4', 'N', 0, 0, 2, 0, 'Y', '10000101', '99991231', '', '', '', null, NOW(), 'USRCNFRM_00000000000', null, null);
INSERT INTO TB_BBS (NTT_ID, BBS_ID, NTT_NO, NTT_SJ, NTT_CN, ANSWER_AT, PARNTSCTT_NO, ANSWER_LC, SORT_ORDR, RDCNT, USE_AT, NTCE_BGNDE, NTCE_ENDDE, NTCR_ID, NTCR_NM, PASSWORD, ATCH_FILE_ID, FRST_REGIST_PNTTM, FRST_REGISTER_ID, LAST_UPDT_PNTTM, LAST_UPDUSR_ID) VALUES (5, 'BBSMSTR_AAAAAAAAAAAA', 5, '홈페이지 샘플공지5', '홈페이지 샘플공지5', 'N', 0, 0, 2, 0, 'Y', '10000101', '99991231', '', '', '', null, NOW(), 'USRCNFRM_00000000000', null, null);
